ApplicantID,Email_Primary,Phone_Home,Email_Alternate,Email_Business,First_Name,Last_Name,Phone_Business,Phone_Cell
74971028,jdray@msn.com,,jbutt@gmail.com,,Scott,Butt,,504-621-8927
74995128,dinther@me.com,,josephine_darakjy@darakjy.org,,Shane,Darakjy,,810-292-9388
75108863,kenja@icloud.com,,art@venere.org,,Monika,Venere,,856-636-8749
75128279,inico@icloud.com,,lpaprocki@hotmail.com,,Joshua,Paprocki,,907-385-4412
75158162,jshirley@yahoo.ca,,donette.foller@cox.net,,Maxwell,Foller,,513-570-1893
75194364,slaff@mac.com,,simona@morasca.com,,Daniel,Morasca,,419-503-2484
75250637,bjornk@sbcglobal.net,,mitsue_tollner@yahoo.com,,Michael,Tollner,,773-573-6914
75271438,granboul@optonline.net,,leota@hotmail.com,,David,Dilliard,,408-752-3500
75290908,rmcfarla@hotmail.com,,sage_wieser@cox.net,,Ryan,Wieser,,605-414-2147
75349364,drolsky@mac.com,,kris@gmail.com,,Erick,Marrier,,410-655-8723
75379896,miturria@att.net,,minna_amigon@yahoo.com,,Anthony,Amigon,,215-874-1229
75461425,dbindel@me.com,,amaclead@gmail.com,,Theresa,Maclead,,631-335-3414
75750669,staikos@sbcglobal.net,,kiley.caldarera@aol.com,,Caroline,Caldarera,,310-498-5651
75760919,dexter@optonline.net,,gruta@cox.net,,Justin,Ruta,,440-780-8425
75848255,thurston@outlook.com,,calbares@gmail.com,,David,Albares,,956-537-6195
75858561,amaranth@yahoo.com,,mattie@aol.com,,ALI,Poquette,,602-277-4385
75884163,teverett@hotmail.com,,meaghan@hotmail.com,,Brett,Garufi,,931-313-9635
75991104,donev@att.net,,gladys.rim@rim.org,,Beda,Rim,,414-661-9598
76012579,gumpish@icloud.com,,yuki_whobrey@aol.com,,Andrew,Whobrey,,313-288-7937
76257873,tangsh@outlook.com,,fletcher.flosi@yahoo.com,,Jessica,Flosi,,815-828-2147
76276871,lcheng@att.net,,bette_nicka@cox.net,,STACY,Nicka,,610-545-3615
76298968,luvirini@outlook.com,,vinouye@aol.com,,Andrew,Inouye,,408-540-1785
76385595,chunzi@aol.com,,willard@hotmail.com,,Larry,Kolmetz,,972-303-9197
76386961,wonderkid@comcast.net,,mroyster@royster.com,,JAMIE,Royster,,518-966-7987
76406399,hedwig@mac.com,,alisha@slusarski.com,,Hanin,Slusarski,,732-658-3154
76455794,granboul@comcast.net,,allene_iturbide@cox.net,,Jacob Anthony,Iturbide,,715-662-6764
76492152,teverett@gmail.com,,chanel.caudy@caudy.org,,Alan,Caudy,,913-388-2079
76518757,smeier@me.com,,ezekiel@chui.com,,JENNIFER,Chui,,410-669-1642
76576848,jrifkin@icloud.com,,wkusko@yahoo.com,,Randall,Kusko,,212-582-4976
76629196,cameron@gmail.com,,bfigeroa@aol.com,,Monica,Figeroa,,936-336-3951
76747516,chrisk@gmail.com,,ammie@corrio.com,,Lindsey,Corrio,,614-801-9788
76820721,parasite@msn.com,,francine_vocelka@vocelka.com,,Robert,Vocelka,,505-977-3911
76878769,mahbub@yahoo.ca,,ernie_stenseth@aol.com,,KATHERINE,Stenseth,,201-709-6245
76881645,thurston@outlook.com,,albina@glick.com,,JULIA,Glick,,732-924-7882
76937532,peoplesr@live.com,,asergi@gmail.com,,JOSHUA,Sergi,,212-860-1579
76962911,dougj@yahoo.ca,,solange@shinko.com,,CARLA,Shinko,,504-979-9175
77014985,arathi@live.com,,jose@yahoo.com,,DORIA,Stockham,,212-675-8570
77063319,heckerman@comcast.net,,rozella.ostrosky@ostrosky.com,,MARTHA,Ostrosky,,805-832-6163
77150792,fraterk@live.com,,valentine_gillian@gmail.com,,Eddy,Gillian,,210-812-9597
77158340,petersen@outlook.com,,kati.rulapaugh@hotmail.com,,Nicholas,Rulapaugh,,785-463-7829
77176602,eidac@optonline.net,,youlanda@aol.com,,David,Schemmer,,541-548-8197
77176969,doche@yahoo.ca,,doldroyd@aol.com,,Cassidee,Oldroyd,,913-413-4604
77205421,forsberg@msn.com,,roxane@hotmail.com,,Jacob,Campain,,907-231-4722
77213552,rogerspl@icloud.com,,lperin@perin.org,,Florencio,Perin,,305-606-7291
77238610,punkis@verizon.net,,erick.ferencz@aol.com,,HARRY,Ferencz,,907-741-1044
77251287,vsprintf@msn.com,,fsaylors@saylors.org,,Carol,Saylors,,952-768-2416
77293163,hwestiii@yahoo.ca,,jina_briddick@briddick.com,,Mark,Briddick,,617-399-5124
77335019,jbearp@gmail.com,,kanisha_waycott@yahoo.com,,Laura,Waycott,,323-453-2780
77360026,arebenti@comcast.net,,emerson.bowley@bowley.org,,LAURA,Bowley,,608-336-7444
77377314,glenz@outlook.com,,bmalet@yahoo.com,,Katrina,Malet,,215-907-9111
77431231,wildixon@me.com,,bbolognia@yahoo.com,,Andrew,Bolognia,,212-402-9216
77466852,nimaclea@hotmail.com,,lnestle@hotmail.com,,JAMES,Nestle,,931-875-6644
77476983,rfoley@comcast.net,,sabra@uyetake.org,,AMANDA,Uyetake,,803-925-5213
77489140,akoblin@msn.com,,mmastella@mastella.com,,Brian,Mastella,,610-814-5533
77627844,dburrows@hotmail.com,,karl_klonowski@yahoo.com,,Ryan,Klonowski,,908-877-6135
77639537,csilvers@hotmail.com,,twenner@aol.com,,Kathlyn,Wenner,,516-968-6051
77664882,scarolan@outlook.com,,amber_monarrez@monarrez.org,,Dylan,Monarrez,,215-934-8655
77696238,balchen@msn.com,,shenika@gmail.com,,Todd,Seewald,,818-423-4007
77730263,bolow@mac.com,,delmy.ahle@hotmail.com,,Issam,Ahle,,401-458-2547
77748365,improv@outlook.com,,deeanna_juhas@gmail.com,,Pamela,Juhas,,215-211-9589
77759866,aibrahim@mac.com,,bpugh@aol.com,,SAI KYAW,Pugh,,401-960-8259
77765831,ryanvm@aol.com,,jamal@vanausdal.org,,Debbie,Vanausdal,,732-234-1546
77799150,janneh@att.net,,cecily@hollack.org,,Brandon,Hollack,,512-486-3817
77835199,jugalator@me.com,,carmelina_lindall@lindall.com,,Utumporn Thoy,Lindall,,303-724-7371
77856722,seano@comcast.net,,maurine_yglesias@yglesias.com,,Abigail,Yglesias,,414-748-1374
77874139,flavell@aol.com,,tawna@gmail.com,,Teresa,Buvens,,212-674-9610
77901458,overbom@gmail.com,,penney_weight@aol.com,,EDUARDO,Weight,,907-797-9628
77910046,jgoerzen@yahoo.ca,,elly_morocco@gmail.com,,Kyle,Morocco,,814-393-5571
77930101,pontipak@icloud.com,,ilene.eroman@hotmail.com,,Matthew,Eroman,,410-914-9018
78000410,dartlife@comcast.net,,vmondella@mondella.com,,Julie,Mondella,,208-862-5339
78014414,dowdy@mac.com,,kallie.blackwood@gmail.com,,Alicia,Blackwood,,415-315-2761
78076826,scarlet@msn.com,,johnetta_abdallah@aol.com,,Nicholas,Abdallah,,919-225-9345
78087093,gator@gmail.com,,brhym@rhym.com,,Jonathan,Rhym,,650-528-5783
78087125,gator@live.com,,micaela_rhymes@gmail.com,,Darla,Rhymes,,925-647-3298
78125478,mpiotr@me.com,,tamar@hotmail.com,,LORNA,Hoogland,,740-343-8575
78177314,paulv@msn.com,,moon@yahoo.com,,Gloria,Parlato,,585-866-8313
78229486,bogjobber@aol.com,,laurel_reitler@reitler.com,,Chad,Reitler,,410-520-4832
78245076,kayvonf@live.com,,delisa.crupi@crupi.com,,Elizabeth,Crupi,,973-354-2040
78254592,jbarta@att.net,,viva.toelkes@gmail.com,,Angela,Toelkes,,773-446-5569
78258933,marnanel@outlook.com,,elza@yahoo.com,,Jenna,Lipke,,973-927-3447
78400584,scato@icloud.com,,devorah@hotmail.com,,Natalie,Chickering,,505-975-8559
78412437,grady@comcast.net,,timothy_mulqueen@mulqueen.org,,Vidal,Mulqueen,,718-332-6527
78424039,caronni@aol.com,,ahoneywell@honeywell.com,,Kimberly,Honeywell,,904-775-4480
78533461,hling@hotmail.com,,dominque.dickerson@dickerson.org,,PHILLIP,Dickerson,,510-993-3758
78541717,ianbuck@verizon.net,,lettie_isenhower@yahoo.com,,Aparna,Isenhower,,216-657-7668
78553890,mxiao@icloud.com,,mmunns@cox.net,,KAREN,Munns,,817-914-7518
78605924,kewley@me.com,,stephaine@barfield.com,,Michael,Barfield,,310-774-7643
78610009,rhialto@sbcglobal.net,,lai.gato@gato.org,,MICHAEL,Gato,,847-728-7286
78641709,kodeman@icloud.com,,stephen_emigh@hotmail.com,,Steve,Emigh,,330-537-5358
78648457,aglassis@mac.com,,tshields@gmail.com,,Jonnelle,Shields,,215-255-1641
78653709,ubergeeb@att.net,,twardrip@cox.net,,Blake,Wardrip,,650-803-1936
78693637,krueger@yahoo.com,,cory.gibes@gmail.com,,Kristi,Gibes,,626-572-1096
78710096,gommix@live.com,,danica_bruschke@gmail.com,,Thomas,Bruschke,,254-782-8569
78711317,kwilliams@yahoo.ca,,wilda@cox.net,,Dennis,Giguere,,907-870-5536
78742159,vmalik@optonline.net,,elvera.benimadho@cox.net,,MELISSA,Benimadho,,408-703-8505
78747287,frederic@sbcglobal.net,,carma@cox.net,,Umesh,Vanheusen,,510-503-7169
78783858,sequin@verizon.net,,malinda.hochard@yahoo.com,,Hannah,Hochard,,317-722-5066
78873733,avalon@yahoo.com,,natalie.fern@hotmail.com,,EMILY,Fern,,307-704-8713
78879144,malattia@gmail.com,,lisha@centini.org,,CHARLES,Centini,,703-235-3937
78907205,yruan@yahoo.ca,,arlene_klusman@gmail.com,,MICHAEL,Klusman,,504-710-5840
78937070,evilopie@sbcglobal.net,,alease@buemi.com,,Sebastian,Buemi,,303-301-4946
78948646,anicolao@gmail.com,,louisa@cronauer.com,,Colton,Cronauer,,510-828-7047
78949282,jsmith@live.com,,angella.cetta@hotmail.com,,Olivia,Cetta,,808-892-7943
78955266,dbanarse@icloud.com,,cgoldammer@cox.net,,NICOLE,Goldammer,,952-334-9408
78963526,stewwy@aol.com,,rosio.cork@gmail.com,,Mason,Cork,,336-243-5659
78982448,retoh@yahoo.com,,ckorando@hotmail.com,,Stephen,Korando,,516-509-2347
79007084,janneh@verizon.net,,twana.felger@felger.org,,ESZTER,Felger,,503-939-3153
79049770,fbriere@mac.com,,estrella@aol.com,,THOMAS,Samu,,608-976-7199
79062790,markjugg@optonline.net,,dkines@hotmail.com,,John,Kines,,508-429-8576
79143895,portele@hotmail.com,,tiffiny_steffensmeier@cox.net,,WENDELL,Steffensmeier,,305-385-9695
79144421,laird@live.com,,emiceli@miceli.org,,Agnes,Miceli,,814-460-2655
79148887,lukka@hotmail.com,,sue@aol.com,,Erik,Kownacki,,972-666-3413
79173098,arachne@sbcglobal.net,,jshin@shin.com,,Jason,Shin,,931-273-8709
79176542,rohitm@gmail.com,,rolland@cox.net,,Robert,Francescon,,973-649-2922
79183275,valdez@icloud.com,,pamella.schmierer@schmierer.org,,Daniel,Schmierer,,305-420-8970
79221730,sinclair@verizon.net,,gkulzer@kulzer.org,,Emily,Kulzer,,410-224-9462
79226731,lukka@optonline.net,,shawna_palaspas@palaspas.org,,GARY,Palaspas,,805-275-3566
79254555,breegster@sbcglobal.net,,brandon_callaro@hotmail.com,,ALISON,Callaro,,808-215-6832
79265974,schumer@gmail.com,,scarlet.cartan@yahoo.com,,WILLIAM RUSSELL,Cartan,,229-735-3378
79389571,dkasak@live.com,,oretha_menter@yahoo.com,,Robert,Menter,,617-418-5043
79410426,giafly@comcast.net,,tsmith@aol.com,,Alice,Smith,,201-672-1553
79413114,ijackson@aol.com,,xuan@gmail.com,,Pete,Rochin,,650-933-5072
79421036,fraterk@me.com,,lindsey.dilello@hotmail.com,,Tyson,Dilello,,909-639-9887
79433424,denton@outlook.com,,devora_perez@perez.org,,Jared,Perez,,510-955-3016
79436060,fraterk@me.com,,hdemesa@cox.net,,Hieu,Demesa,,518-497-2940
79456207,mwandel@live.com,,rpapasergi@cox.net,,Lauren,Papasergi,,570-867-7489
79468548,fukuchi@aol.com,,talia_riopelle@aol.com,,DAVINA,Riopelle,,973-245-2133
79469213,schumer@icloud.com,,van.shire@shire.com,,Reed,Shire,,908-409-2890
79483042,hoangle@yahoo.com,,lucina_lary@cox.net,,Colleen,Lary,,321-749-4981
79511119,mkearl@optonline.net,,bok.isaacs@aol.com,,Matthew,Isaacs,,718-809-3762
79517042,tbeck@outlook.com,,rolande.spickerman@spickerman.com,,Mariah,Spickerman,,808-315-3077
79526806,ryanvm@optonline.net,,hpaulas@gmail.com,,Jason,Paulas,,303-623-4241
79661104,rhavyn@gmail.com,,kimbery_madarang@cox.net,,ROBERT,Madarang,,973-310-1634
79677329,jemarch@gmail.com,,thurman.manno@yahoo.com,,Kevin,Manno,,609-524-3586
79733414,richard@yahoo.com,,becky.mirafuentes@mirafuentes.com,,Eric,Mirafuentes,,908-877-8409
79760156,kassiesa@aol.com,,beatriz@yahoo.com,,Kami,Corrington,,508-584-4279
79769250,mgemmons@gmail.com,,marti.maybury@yahoo.com,,Stephanie,Maybury,,773-775-4522
79806181,ovprit@comcast.net,,nieves_gotter@gmail.com,,DANIEL,Gotter,,503-527-5274
79829276,rfoley@verizon.net,,lhagele@cox.net,,Richard,Hagele,,214-339-1809
79850528,martink@sbcglobal.net,,vklimek@klimek.org,,HECTOR,Klimek,,312-303-5453
79852713,nichoj@optonline.net,,melissa@cox.net,,Matthew,Wiklund,,419-939-3613
79865323,cantu@verizon.net,,sheridan.zane@zane.com,,Emilia,Zane,,951-645-3605
79869698,privcan@yahoo.ca,,bulah_padilla@hotmail.com,,Roberto,Padilla,,254-463-4368
79881874,ehood@comcast.net,,audra@kohnert.com,,John,Kohnert,,615-406-7854
79883029,campbell@icloud.com,,dweirather@aol.com,,Brian,Weirather,,414-959-2540
79888014,jkegl@gmail.com,,fjillson@aol.com,,Stephanie,Jillson,,410-387-5260
79893717,wkrebs@sbcglobal.net,,gearldine_gellinger@gellinger.com,,DEBRA,Gellinger,,972-934-6914
79916492,stinson@msn.com,,chau@gmail.com,,Jonathan,Kitzman,,310-560-8022
79936793,marin@msn.com,,theola_frey@frey.com,,SAYEED,Frey,,516-948-5768
79946830,zeitlin@outlook.com,,cheryl@haroldson.org,,JONATHAN,Haroldson,,609-518-7697
79952520,aibrahim@me.com,,lmerced@gmail.com,,Bradley,Merced,,513-508-7371
79954751,stinson@mac.com,,carissa.batman@yahoo.com,,Dyana,Batman,,541-326-4074
79960154,mailarc@outlook.com,,lezlie.craghead@craghead.org,,John,Craghead,,919-533-3762
80000966,jugalator@sbcglobal.net,,oshealy@hotmail.com,,Kevin,Shealy,,212-332-8435
80052796,comdig@me.com,,arminda@parvis.com,,Caleb,Parvis,,602-906-9419
80065357,pappp@optonline.net,,reita.leto@gmail.com,,Brendan,Leto,,317-234-1135
80109642,maneesh@yahoo.ca,310-254-3084,yolando@cox.net,,Patricia,Luczki,,315-304-4759
80117492,wenzlaff@mac.com,440-579-7763,lizette.stem@aol.com,,Jillian,Stem,,856-487-5412
80124410,caronni@me.com,956-841-7216,gpawlowicz@yahoo.com,,IAN,Pawlowicz,,516-212-1915
80188006,baveja@att.net,602-953-6360,cdeleo@deleo.com,,MARK,Deleo,,501-308-1040
80197739,daveewart@comcast.net,931-235-7959,chantell@yahoo.com,,MATTHEW,Maynerich,,651-591-2583
80235793,chrisk@aol.com,414-377-2880,dyum@yahoo.com,,Cara,Yum,,215-325-3042
80236812,hoyer@icloud.com,313-341-4470,larae_gudroe@gmail.com,,Stacey,Gudroe,,985-890-7262
80239028,fmerges@aol.com,815-426-5657,latrice.tolfree@hotmail.com,,David,Tolfree,,631-957-7624
80248761,crobles@yahoo.com,610-492-4643,kerry.theodorov@gmail.com,,Sarah,Theodorov,,916-591-3277
80290526,claypool@comcast.net,408-813-4592,dhidvegi@yahoo.com,,Samantha,Hidvegi,,208-649-2373
80322131,empathy@mac.com,972-896-4882,fannie.lungren@yahoo.com,,Joshlynn,Lungren,,512-587-5746
80324506,uncled@optonline.net,518-448-8982,evangelina@aol.com,,Lindsay,Radde,,215-964-3284
80325258,dexter@icloud.com,732-635-3453,novella_degroot@degroot.org,,Trevor,Degroot,,808-477-4775
80328861,bader@verizon.net,715-530-9863,choa@hoa.org,,Scot,Hoa,,775-501-8109
80359043,pdbaby@verizon.net,913-899-1103,jfallick@yahoo.com,,Corey,Fallick,,847-979-9545
80377246,rande@mac.com,410-235-8738,irma.wolfgramm@hotmail.com,,RYAN,Wolfgramm,,973-545-7355
80382133,rohitm@msn.com,212-934-5167,eun@yahoo.com,,Pedro,Coody,,864-256-3620
80404429,kudra@att.net,936-597-3614,sylvia_cousey@cousey.org,,ERIC,Cousey,,410-209-9545
80424456,godeke@outlook.com,614-648-3265,nana@aol.com,,Debra,Wrinkles,,914-855-2115
80478166,bowmanbs@gmail.com,505-335-5293,layla.springe@cox.net,,Donavan,Springe,,212-260-3151
80557680,cremonini@outlook.com,201-387-9093,joesph_degonia@degonia.org,,Camille,Degonia,,510-677-9785
80568724,monopole@mac.com,732-782-6701,annabelle.boord@cox.net,,Evan,Boord,,978-697-6263
80600628,sbmrjbr@outlook.com,212-753-2740,stephaine@cox.net,,Erin,Vinning,,415-767-6596
80605823,kannan@aol.com,504-265-8174,nelida@gmail.com,,William,Sawchuk,,201-971-1638
80610481,bancboy@verizon.net,212-569-4233,marguerita.hiatt@gmail.com,,JAMES,Hiatt,,925-634-7158
80631088,scotfl@hotmail.com,805-609-1531,ccookey@cookey.org,,KRISTINA,Cookey,,773-494-4195
80636973,quantaman@outlook.com,210-300-6244,jbrideau@aol.com,,Joshua,Brideau,,973-943-3423
80645966,chaikin@msn.com,785-219-7724,claribel_varriano@cox.net,,William,Varriano,,419-544-4900
80707774,joehall@att.net,541-993-2611,benton.skursky@aol.com,,Maria,Skursky,,310-579-2907
80757597,sjmuir@mac.com,913-645-8918,hillary.skulski@aol.com,,Rachelle,Skulski,,352-242-2570
80818507,scarlet@hotmail.com,907-335-6568,merilyn_bayless@cox.net,,Hillary,Bayless,,408-758-5015
80829381,pemungkah@yahoo.ca,305-995-2078,tennaco@gmail.com,,Michele,Ennaco,,570-889-5187
80842952,jbryan@icloud.com,907-227-6777,merlyn_lawler@hotmail.com,,Rachel,Lawler,,201-588-7810
80875293,valdez@icloud.com,952-479-2375,gmontezuma@cox.net,,Enrique,Montezuma,,925-615-5185
80879519,bockelboy@sbcglobal.net,617-997-5771,jmconnell@hotmail.com,,Kyle,Mconnell,,908-802-3564
80881207,geoffr@optonline.net,323-315-7314,lemuel.latzke@gmail.com,,Brian,Latzke,,631-748-6479
80911172,tjensen@verizon.net,608-658-7940,mknipp@gmail.com,,Gabriel,Knipp,,805-690-1682
80939663,agapow@gmail.com,215-794-4519,candida_corbley@hotmail.com,,JULIANA,Corbley,,908-275-8357
80949838,nachbaur@aol.com,212-617-5063,karan_karpin@gmail.com,,Elizabeth,Karpin,,503-940-8327
81008040,zilla@me.com,931-303-6041,andra@gmail.com,,Ryan,Scheyer,,503-516-2189
81050668,fraser@aol.com,803-681-3678,fpoullion@poullion.com,,DIANE,Poullion,,856-305-9731
81059033,ilikered@live.com,610-379-7125,belen_strassner@aol.com,,Nicholas,Strassner,,770-507-8791
81076578,zeitlin@att.net,908-470-4661,gracia@melnyk.com,,Jason,Melnyk,,904-235-3633
81076610,rnewman@me.com,516-333-4861,jhanafan@gmail.com,,Rex,Hanafan,,207-458-9196
81109639,jbutt@gmail.com,215-329-6386,barrett.toyama@toyama.org,,KATHERINE,Toyama,,817-765-5781
81134528,josephine_darakjy@darakjy.org,818-749-8650,helga_fredicks@yahoo.com,,Zachary,Fredicks,,716-752-4114
81156719,art@venere.org,401-559-8961,apinilla@cox.net,,Timothy,Pinilla,,305-670-9628
81177806,lpaprocki@hotmail.com,215-417-9563,fausto_agramonte@yahoo.com,,Marci,Agramonte,,212-313-1783
81189102,donette.foller@cox.net,401-300-8122,ronny.caiafa@caiafa.org,,Kathy,Caiafa,,215-605-7570
81194694,simona@morasca.com,732-904-2931,marge@gmail.com,,TERESA,Limmel,,850-430-1663
81217285,mitsue_tollner@yahoo.com,512-861-3814,norah.waymire@gmail.com,,Harrison,Waymire,,415-306-7897
81242325,leota@hotmail.com,303-874-5160,aliza@aol.com,,Mary,Baltimore,,408-504-3552
81280900,sage_wieser@cox.net,414-573-7719,mpelkowski@pelkowski.org,,James,Pelkowski,,650-947-1215
81287944,kris@gmail.com,212-462-9157,viola@gmail.com,,Jarrett,Bitsuie,,818-864-4875
81318515,minna_amigon@yahoo.com,907-873-2882,femard@emard.com,,Scott,Emard,,215-558-8189
81329152,amaclead@gmail.com,814-420-3553,willodean_konopacki@konopacki.org,,Debra,Konopacki,,337-253-8384
81330585,kiley.caldarera@aol.com,410-937-4543,beckie.silvestrini@silvestrini.com,,Kristopher,Silvestrini,,313-533-4884
81347552,gruta@cox.net,208-737-8439,rgesick@gesick.org,,Cameron,Gesick,,512-213-8574
81349051,calbares@gmail.com,415-604-7609,frederica_blunk@gmail.com,,Andrew,Blunk,,214-428-2285
81436710,mattie@aol.com,919-715-3791,glen_bartolet@hotmail.com,,Sophia,Bartolet,,206-697-5796
81448282,meaghan@hotmail.com,650-811-9032,freeman_gochal@aol.com,,Robert,Gochal,,610-476-3501
81462453,gladys.rim@rim.org,925-522-7798,vincent.meinerding@hotmail.com,,Jackson,Meinerding,,215-372-1718
81505980,yuki_whobrey@aol.com,740-526-5410,rima@cox.net,,Shane,Bevelacqua,,310-858-5079
81534205,fletcher.flosi@yahoo.com,585-498-4278,gsarbacher@gmail.com,,Annalou,Sarbacher,,707-653-8214
81549605,bette_nicka@cox.net,410-957-6903,avery@cox.net,,Mark,Steier,,407-808-9439
81558108,vinouye@aol.com,973-847-9611,cristy@lother.com,,MEGAN,Lother,,760-971-4322
81564438,willard@hotmail.com,773-352-3437,nicolette_brossart@brossart.com,,Mark,Brossart,,508-837-9230
81588505,mroyster@royster.com,973-796-3667,tracey@hotmail.com,,Ghassan,Modzelewski,,936-264-9294
81593485,alisha@slusarski.com,505-950-1763,virgina_tegarden@tegarden.com,,Charles,Tegarden,,414-214-8697
81600758,allene_iturbide@cox.net,718-654-7063,tfrankel@aol.com,,Danielle,Frankel,,626-636-4117
81605773,chanel.caudy@caudy.org,904-514-9918,alaine_bergesen@cox.net,,DANIEL,Bergesen,,914-300-9193
81620765,ezekiel@chui.com,510-901-7640,earleen_mai@cox.net,,MICHAEL,Mai,,214-289-1973
81621951,wkusko@yahoo.com,216-733-8494,leonida@gobern.org,,APRIL,Gobern,,228-235-5615
81731401,bfigeroa@aol.com,817-451-3518,ressie.auffrey@yahoo.com,,JENNIFER,Auffrey,,305-604-8981
81762324,ammie@corrio.com,310-968-1219,jmugnolo@yahoo.com,,Allyn,Mugnolo,,212-304-9225
81766386,francine_vocelka@vocelka.com,847-957-4614,eladia@saulter.com,,Christian,Saulter,,201-474-4924
81792469,ernie_stenseth@aol.com,330-700-2312,chaya@malvin.com,,LAUREN,Malvin,,734-928-5182
81799665,albina@glick.com,215-228-8264,gwenn_suffield@suffield.org,,Jaime,Suffield,,631-258-6558
81843928,asergi@gmail.com,650-216-5075,skarpel@cox.net,,Nicole,Karpel,,330-791-8557
81859809,solange@shinko.com,626-696-2777,yoko@fishburne.com,,James,Fishburne,,203-506-4706
81875694,jose@yahoo.com,254-205-1422,taryn.moyd@hotmail.com,,David,Moyd,,703-322-4041
81916748,rozella.ostrosky@ostrosky.com,907-914-9482,,,Ethan,Polidori,,978-626-2978
81942883,valentine_gillian@gmail.com,408-440-8447,,,Daniel,Plumer,,419-693-1334
81968018,kati.rulapaugh@hotmail.com,510-452-4835,,,Jacob,Loader,,253-660-7821
81978945,youlanda@aol.com,317-472-2412,,,Daniel,Vizarro,,916-741-7884
82006203,doldroyd@aol.com,307-279-3793,,,ANDREW,Burnard,,307-342-7795
82160390,roxane@hotmail.com,703-475-7568,,,Matthew,Setter,,207-627-7565
82165699,lperin@perin.org,504-946-1807,,,ROBERT,Rantanen,,215-491-5633
82189610,erick.ferencz@aol.com,303-521-9860,,,Blaine,Worlds,,813-769-2939
82225248,fsaylors@saylors.org,510-472-7758,,,Andrew,Sturiale,,619-608-1763
82242249,jina_briddick@briddick.com,808-475-2310,,,William,Raymo,,979-718-8968
82247224,kanisha_waycott@yahoo.com,952-938-9457,,,Erika,Dinos,,847-233-3075
82258389,emerson.bowley@bowley.org,336-497-4407,,,Kimberley,Fritz,,609-228-5265
82282089,bmalet@yahoo.com,516-365-7266,,,Elizabeth,Stimmel,,908-722-7128
82312852,bbolognia@yahoo.com,503-909-7167,,,Emilia,Aredondo,,718-560-9537
82314914,lnestle@hotmail.com,608-942-8836,,,PATRICK,Sama,,314-787-1588
82326639,sabra@uyetake.org,508-843-1426,,,Ahna Cymona,Arias,,209-317-1801
82349874,mmastella@mastella.com,305-304-6573,,,Anna,Berganza,,973-936-5095
82368780,karl_klonowski@yahoo.com,814-299-2877,,,Wayne,Dopico,,317-578-2453
82370390,twenner@aol.com,972-742-4000,,,Richard,Hellickson,,206-540-6076
82383169,amber_monarrez@monarrez.org,931-739-1551,,,Christine,Hughey,,336-822-7652
82419097,shenika@gmail.com,973-284-4048,,,Tammy,Duenas,,785-629-8542
82428043,delmy.ahle@hotmail.com,305-575-8481,,,Jagvinder,Staback,,407-471-6908
82441359,deeanna_juhas@gmail.com,410-916-8015,,,ESXGAR,Fillingim,,612-508-2655
82490798,bpugh@aol.com,805-638-6617,,,Kurt,Farrar,,803-352-5387
82500336,jamal@vanausdal.org,808-240-5168,,,Jeffrey,Hamilton,,707-300-1771
82509942,cecily@hollack.org,229-365-9658,,,Alicia,Acey,,847-222-1734
82522667,carmelina_lindall@lindall.com,617-697-6024,,,Mason,Westerbeck,,949-867-4077
82545925,maurine_yglesias@yglesias.com,201-995-3149,,,JAN,Fortino,,303-404-2210
82554555,tawna@gmail.com,650-247-2625,,,Ruth,Haufler,,203-801-6193
82595703,penney_weight@aol.com,909-589-1693,,,Ryan,Engelberg,,425-986-7573
82597696,elly_morocco@gmail.com,510-755-9274,,,Thomas,Cloney,,440-989-5826
82600129,ilene.eroman@hotmail.com,518-931-7852,,,Sam,Riden,,603-315-6839
82613188,vmondella@mondella.com,570-469-8401,,,RYAN,Zurcher,,321-518-5938
82670129,kallie.blackwood@gmail.com,973-818-9788,,,Tim,Denooyer,,212-792-8658
82672348,johnetta_abdallah@aol.com,908-448-1209,,,Richard,Cryer,,714-584-2237
82673414,brhym@rhym.com,321-632-4668,,,Alberto,Kippley,,248-913-4677
82694359,micaela_rhymes@gmail.com,718-478-8568,,,Brandon,Calvaresi,,317-825-4724
82706959,tamar@hotmail.com,808-526-5863,,,Robert,Bubash,,940-276-7922
82710522,moon@yahoo.com,303-692-3118,,,Sarah,Layous,,203-721-3388
82736634,laurel_reitler@reitler.com,973-225-6259,,,AHMET,Coyier,,410-739-9277
82778667,delisa.crupi@crupi.com,609-234-8376,,,Marcos,Rodeigues,,504-463-4384
82796693,viva.toelkes@gmail.com,908-426-8272,,,Nhan,Lacovara,,804-550-5097
82830369,elza@yahoo.com,508-315-3867,,,Nicole,Keetch,,215-979-8776
82838608,devorah@hotmail.com,773-539-1058,,,Justin,Neither,,952-651-7597
82854783,timothy_mulqueen@mulqueen.org,503-455-3094,,,Ana,Restrepo,,305-936-8226
82856044,ahoneywell@honeywell.com,214-225-5850,,,Erik,Kalafatis,,414-263-5287
82904355,dominque.dickerson@dickerson.org,312-512-2338,,,ALBERT,Sweigard,,732-941-2621
82914697,lettie_isenhower@yahoo.com,419-254-4591,,,Harry,Hengel,,701-898-2154
82942122,mmunns@cox.net,951-248-6822,,,Mylitza,Stoltzman,,775-638-9963
82951446,stephaine@barfield.com,254-816-8417,,,Lena,Nicolozakes,,602-954-5141
82952362,lai.gato@gato.org,615-448-9249,,,Anita,Good,,615-390-2251
82972543,stephen_emigh@hotmail.com,414-838-3151,,,Patricia,Maisto,,410-351-1863
82982090,tshields@gmail.com,410-724-6472,,,Azalea,Mallett,,212-870-1286
82991141,twardrip@cox.net,972-821-7118,,,Robert,Pontoriero,,806-703-1435
82994433,cory.gibes@gmail.com,310-969-7230,,,Aleks,Tawil,,323-765-2528
83043894,danica_bruschke@gmail.com,516-357-3362,,,Jennifer,Upthegrove,,619-509-5282
83056177,wilda@cox.net,609-263-9243,jzurcher@zurcher.org,,Courtney,Candlish,,770-732-1194
83057628,elvera.benimadho@cox.net,513-418-1566,hdenooyer@denooyer.org,,Stephen,Treston,,508-769-5250
83074817,carma@cox.net,541-801-5717,joseph_cryer@cox.net,,Rachel,Aquas,,269-756-7222
83077989,malinda.hochard@yahoo.com,919-885-2453,deonna_kippley@hotmail.com,,Hugh,Tjepkema,,973-714-1721
83104979,natalie.fern@hotmail.com,212-880-8865,raymon.calvaresi@gmail.com,,Robert,Lace,,337-740-9323
83107415,lisha@centini.org,602-277-3025,alecia@aol.com,,Matthew,Hirpara,,717-491-5643
83143084,arlene_klusman@gmail.com,317-787-5514,mlayous@hotmail.com,,Eli,Sweely,,314-359-9566
83274166,alease@buemi.com,315-640-6357,detra@aol.com,,Richard,Turinetti,,817-213-8851
83302332,louisa@cronauer.com,856-702-3676,terrilyn.rodeigues@cox.net,,Erik,Regusters,,813-932-8715
83303078,angella.cetta@hotmail.com,516-376-4230,slacovara@gmail.com,,Christy,Monterrubio,,770-679-4752
83309672,cgoldammer@cox.net,501-409-6072,garry_keetch@hotmail.com,,Lynne,Matuszak,,760-938-6069
83319199,rosio.cork@gmail.com,651-776-9688,mneither@yahoo.com,,Jonathan,Reiber,,517-906-1108
83332324,ckorando@hotmail.com,215-346-4666,theodora.restrepo@restrepo.com,,Michael,Eschberger,,602-390-4944
83340003,twana.felger@felger.org,985-261-5783,noah.kalafatis@aol.com,,Craig,Schirpke,,207-295-7569
83347914,estrella@aol.com,631-998-2102,csweigard@sweigard.com,,Greg,Timenez,,301-696-6420
83359674,dkines@hotmail.com,916-770-7448,lavonda@cox.net,,Bryan,Hauenstein,,717-809-3119
83378705,tiffiny_steffensmeier@cox.net,208-690-3315,junita@aol.com,,Jake,Perigo,,972-419-7946
83383091,emiceli@miceli.org,512-528-9933,herminia@nicolozakes.org,,Kara,Brachle,,406-318-1515
83402861,sue@aol.com,215-417-5612,casie.good@aol.com,,Christopher,Canlas,,973-767-3008
83414068,jshin@shin.com,808-746-1865,reena@hotmail.com,,Kristina,Lietz,,248-980-6904
83496384,rolland@cox.net,775-848-9135,mirta_mallett@gmail.com,,Shannon,Vonasek,,216-923-3715
83520515,pamella.schmierer@schmierer.org,847-800-3054,cathrine.pontoriero@pontoriero.com,,Kyle,Scriven,,325-631-1560
83522466,gkulzer@kulzer.org,973-868-8660,ftawil@hotmail.com,,Mary,Tomasulo,,817-526-4408
83529464,shawna_palaspas@palaspas.org,864-594-4578,rupthegrove@yahoo.com,,Hayley,Adkin,,718-201-3751
83529886,brandon_callaro@hotmail.com,410-863-8263,sarah.candlish@gmail.com,,Anna,Thyberg,,401-893-4882
83530567,scarlet.cartan@yahoo.com,914-796-3775,lucy@cox.net,,Brian,Flister,,717-885-9118
83532876,oretha_menter@yahoo.com,212-253-7448,jaquas@aquas.com,,Hunter,Julia,,401-948-4982
83570819,tsmith@aol.com,510-942-5916,yvonne.tjepkema@hotmail.com,,Matthew,Hoffis,,305-622-4739
83572926,xuan@gmail.com,978-289-7717,kayleigh.lace@yahoo.com,,Rayan,Halter,,201-832-4168
83580012,lindsey.dilello@hotmail.com,415-712-9530,felix_hirpara@cox.net,,Shelley,Martabano,,210-856-4979
83582013,devora_perez@perez.org,201-247-8925,tresa_sweely@hotmail.com,,Binoy,Buzick,,718-478-8504
83600902,hdemesa@cox.net,925-541-8521,kristeen@gmail.com,,Lori,Ferrario,,909-993-3242
83651339,rpapasergi@cox.net,773-297-9391,jregusters@regusters.com,,Ronald,Nabours,,216-230-4892
83709103,talia_riopelle@aol.com,973-582-5469,renea@hotmail.com,,Joshua,Dhamer,,212-304-4515
83729077,van.shire@shire.com,419-573-2033,olive@aol.com,,Austin,Dallen,,804-762-9576
83775493,lucina_lary@cox.net,310-694-8466,lreiber@cox.net,,Marvin,Ragel,,706-221-4243
83857368,bok.isaacs@aol.com,352-990-5946,christiane.eschberger@yahoo.com,,Tina,Amyot,,337-515-1438
83858366,rolande.spickerman@spickerman.com,408-346-2180,goldie.schirpke@yahoo.com,,Jesse,Gehrett,,973-544-2677
83885387,hpaulas@gmail.com,570-355-1665,loreta.timenez@hotmail.com,,William,Herritt,,607-407-3716
83919069,kimbery_madarang@cox.net,201-858-9960,fabiola.hauenstein@hauenstein.org,,Robert,Mauson,,973-412-2995
83922526,thurman.manno@yahoo.com,925-943-3449,amie.perigo@yahoo.com,,Steven,Brucato,,208-252-4552
83979004,becky.mirafuentes@mirafuentes.com,908-602-5258,raina.brachle@brachle.org,,Christine,Nachor,,415-411-1775
84019623,beatriz@yahoo.com,631-291-4976,erinn.canlas@canlas.com,,Claudia,Loder,,508-942-4186
84070033,marti.maybury@yahoo.com,805-810-8964,cherry@lietz.com,,Dalan,Labreche,,248-357-8718
84076358,nieves_gotter@gmail.com,908-943-6103,kattie@vonasek.org,,Johnny,Keneipp,,920-353-6377
84100237,lhagele@cox.net,503-707-5812,lilli@aol.com,,Joseph,Ogg,,410-665-4903
84200423,vklimek@klimek.org,503-950-3068,whitley.tomasulo@aol.com,,Erika,Saras,,719-669-1664
84260422,melissa@cox.net,856-828-6021,badkin@hotmail.com,,Eric,Stuer,,419-588-8719
84283487,sheridan.zane@zane.com,770-802-4003,hermila_thyberg@hotmail.com,,Joshua,Syrop,,301-998-9644
84332894,bulah_padilla@hotmail.com,904-627-4341,jesusita.flister@hotmail.com,,Concepcion,Halsey,,508-855-9887
84387425,audra@kohnert.com,207-233-6185,caitlin.julia@julia.org,,Michael,Wolny,,703-483-1970
84389584,dweirather@aol.com,817-577-6151,roosevelt.hoffis@aol.com,,Jason,Lizama,,410-678-2473
84430888,fjillson@aol.com,716-854-9845,hhalter@yahoo.com,,Jose,Bilden,,512-223-4791
84467107,gearldine_gellinger@gellinger.com,305-857-5489,lorean.martabano@hotmail.com,,Alexandra,Rodenberger,,623-461-8551
84561639,chau@gmail.com,212-778-3063,france.buzick@yahoo.com,,Andrew,Estell,,419-571-5920
84589089,theola_frey@frey.com,215-511-3531,jferrario@hotmail.com,,Carly,Heintzman,,206-311-4137
84607638,cheryl@haroldson.org,850-330-8079,adelina_nabours@gmail.com,,Blake,Meisel,,513-617-2362
84615380,lmerced@gmail.com,415-874-2984,ddhamer@cox.net,,Nicholas,Bennick,,812-368-1511
84616347,carissa.batman@yahoo.com,408-425-1994,jerry.dallen@yahoo.com,,Valeria,Acuff,,847-353-2156
84616466,lezlie.craghead@craghead.org,650-960-1069,leota.ragel@gmail.com,,Timothy,Shadrick,,718-232-2337
84640147,oshealy@hotmail.com,818-481-5787,jamyot@hotmail.com,,Jason,Patak,,407-446-4358
84652012,arminda@parvis.com,215-483-3003,aja_gehrett@hotmail.com,,Karen,Beech,,310-820-2117
84652954,reita.leto@gmail.com,337-774-7564,kirk.herritt@aol.com,,Laura,Yaw,,813-797-4816
84666557,yolando@cox.net,313-390-7855,leonora@yahoo.com,,Stefanie,Ehmann,,915-452-1290
84672141,lizette.stem@aol.com,512-693-8345,winfred_brucato@hotmail.com,,Paul,Zepp,,619-603-5125
84700876,gpawlowicz@yahoo.com,214-529-1949,tarra.nachor@cox.net,,Amy,Gwalthney,,301-841-5012
84801695,cdeleo@deleo.com,206-389-1482,corinne@loder.org,,Amy,Maillard,,714-523-6653
84806197,chantell@yahoo.com,610-752-2683,dulce_labreche@yahoo.com,,Braiden,Semidey,,314-732-9131
84821088,dyum@yahoo.com,215-829-4221,kate_keneipp@yahoo.com,,Noah,Discipio,,512-233-1831
84838019,larae_gudroe@gmail.com,310-499-4200,kaitlyn.ogg@gmail.com,,Debbie,Linahan,,336-670-2640
84867058,latrice.tolfree@hotmail.com,707-881-3154,sherita.saras@cox.net,,Angela,Rauser,,631-443-4710
84911958,kerry.theodorov@gmail.com,407-945-8566,lstuer@cox.net,,Neil,Dubaldi,,201-825-2514
84924019,dhidvegi@yahoo.com,760-465-4762,ernest@cox.net,,Stephanie,Paa,,901-412-4381
84962333,fannie.lungren@yahoo.com,508-504-6388,nobuko.halsey@yahoo.com,,Ryan,Wide,,404-505-4445
84998749,evangelina@aol.com,936-988-8171,lavonna.wolny@hotmail.com,,Christan,Dorshorst,,650-473-1262
85001276,novella_degroot@degroot.org,414-411-5744,llizama@cox.net,,Virginia,Birkner,,952-702-7993
85003858,choa@hoa.org,626-638-4241,mariann.bilden@aol.com,,Bryan,Kannady,,480-726-1280
85008326,jfallick@yahoo.com,914-654-1426,helene@aol.com,,Nicholas,Louissant,,718-976-8610
85063482,irma.wolfgramm@hotmail.com,214-785-6750,roselle.estell@hotmail.com,,Zachery,Funnell,,770-844-3447
85069739,eun@yahoo.com,228-432-4635,sheintzman@hotmail.com,,Patricia,Butzen,,507-210-3510
85091274,sylvia_cousey@cousey.org,305-287-4743,margart_meisel@yahoo.com,,Sanford,Colla,,203-461-1949
85121912,nana@aol.com,212-311-6377,kristofer.bennick@yahoo.com,,Garrett,Zagen,,260-273-3725
85158446,layla.springe@cox.net,201-365-8698,wacuff@gmail.com,,Sara,Sahagun,,601-927-8287
85179152,joesph_degonia@degonia.org,734-408-8174,shalon@cox.net,,Kent,Lukasik,,586-970-7380
85197757,annabelle.boord@cox.net,631-295-9879,denise@patak.org,,Rebecca,Bachman,,719-853-3600
85239620,stephaine@cox.net,330-618-2579,louvenia.beech@beech.com,,Douglas,Daufeldt,,212-745-8484
85240074,nelida@gmail.com,203-840-8634,audry.yaw@yaw.org,,Lisa,Schnitzler,,510-686-3407
85297674,marguerita.hiatt@gmail.com,703-938-7939,kristel.ehmann@aol.com,,David,Nievas,,773-704-9903
85313976,ccookey@cookey.org,978-679-7429,vzepp@gmail.com,,Darren,Drymon,,570-218-4831
85352230,jbrideau@aol.com,419-313-5571,egwalthney@yahoo.com,,Derrick,Scipione,,530-986-9272
85352282,claribel_varriano@cox.net,253-875-9222,venita_maillard@gmail.com,,Marciela,Ventura,,845-823-8877
85395106,benton.skursky@aol.com,916-289-4526,kasandra_semidey@semidey.com,,Stephen,Cantres,,216-600-6111
85421259,hillary.skulski@aol.com,307-453-7589,xdiscipio@gmail.com,,Nancy,Feichtner,,973-852-2736
85422134,merilyn_bayless@cox.net,207-297-5029,mlinahan@yahoo.com,,Ellen,Kitty,,907-435-9166
85449553,tennaco@gmail.com,215-647-2158,krauser@cox.net,,Marcus,Schoeneck,,215-268-1275
85463593,merlyn_lawler@hotmail.com,813-863-6467,pdubaldi@hotmail.com,,Annie,Witten,,513-977-7043
85680564,gmontezuma@cox.net,619-695-8086,linn_paa@paa.com,,Amanda,Kohl,,310-699-1222
85751168,jmconnell@hotmail.com,979-809-5770,paris@hotmail.com,,Jayson,Berray,,515-370-7348
85764650,lemuel.latzke@gmail.com,847-265-6609,wynell_dorshorst@dorshorst.org,,Ryan,Klang,,610-809-1818
85785426,mknipp@gmail.com,609-854-7156,qbirkner@aol.com,,Joshua,Newville,,919-623-2524
85798536,candida_corbley@hotmail.com,908-670-4712,regenia.kannady@cox.net,,Adam,Pagliuca,,509-695-5199
85799612,karan_karpin@gmail.com,718-280-4183,sheron@aol.com,,Michael,Frerking,,914-868-5965
85848013,andra@gmail.com,314-858-4832,izetta.funnell@hotmail.com,,Arthur,Tagala,,410-757-1035
85852852,fpoullion@poullion.com,209-242-7022,rodolfo@hotmail.com,,Michael,Ketelsen,,516-847-4418
85866170,belen_strassner@aol.com,973-822-8827,zona@hotmail.com,,Klaus,Munis,,508-456-4907
85868186,gracia@melnyk.com,317-441-5848,szagen@aol.com,,Brenden,Ryser,,918-644-9555
85905658,jhanafan@gmail.com,206-295-5631,paz_sahagun@cox.net,,Joel,Maile,,231-467-9978
85914196,barrett.toyama@toyama.org,336-467-3095,markus@yahoo.com,,Karen,Storment,,337-566-6001
85929089,helga_fredicks@yahoo.com,785-616-1685,jaclyn@aol.com,,Leonard,Mcdoniel,,419-975-3182
85936367,apinilla@cox.net,407-429-2145,cyril_daufeldt@daufeldt.com,,Danya,Mccullan,,619-461-9984
85978106,fausto_agramonte@yahoo.com,612-664-6304,gschnitzler@gmail.com,,Leslie,Pedrozo,,203-892-3863
85982050,ronny.caiafa@caiafa.org,803-975-3405,erick_nievas@aol.com,,Haley,Andreason,,201-920-9002
85983953,marge@gmail.com,707-821-8037,jennie@cox.net,,Leann,Walthall,,330-903-1345
85988683,norah.waymire@gmail.com,847-556-2909,mscipione@scipione.com,,Beau,Farrow,,201-238-5688
86001677,aliza@aol.com,949-903-3898,cventura@yahoo.com,,Keith,Berlanga,,616-737-3085
86076084,mpelkowski@pelkowski.org,303-794-1341,galen@yahoo.com,,Jean Carlos,Miro,,601-567-5386
86123818,viola@gmail.com,203-801-8497,tfeichtner@yahoo.com,,Michael,Slayton,,901-640-9178
86129824,femard@emard.com,425-700-3751,gail@kitty.com,,Mamie,Hudnall,,303-402-1940
86134845,willodean_konopacki@konopacki.org,440-327-2093,dalene@schoeneck.org,,Varner,Rodefer,,901-901-4726
86175469,beckie.silvestrini@silvestrini.com,603-745-7497,gertude.witten@gmail.com,,Bryan,Schmaltz,,626-866-2339
86183390,rgesick@gesick.org,321-597-2159,lizbeth@yahoo.com,,Rebecca,Meteer,,773-225-9985
86193621,frederica_blunk@gmail.com,212-782-3493,gberray@gmail.com,,Elizabeth,Rhoden,,718-228-5894
86243372,glen_bartolet@hotmail.com,714-698-2170,lashandra@yahoo.com,,Kim,Hoopengardner,,509-755-5393
86251222,freeman_gochal@aol.com,248-793-4966,lnewville@newville.com,,John,Jayson,,410-890-7866
86276486,vincent.meinerding@hotmail.com,317-342-1532,laurel@yahoo.com,,Annabel,Auber,,973-860-8610
86278981,rima@cox.net,940-302-3036,mireya.frerking@hotmail.com,,Sandra,Tomblin,,562-579-6900
86307526,gsarbacher@gmail.com,203-564-1543,annelle@yahoo.com,,George,Kaniecki,,732-628-9909
86310898,avery@cox.net,410-259-2118,dean_ketelsen@gmail.com,,Jason,Gleich,,973-210-3994
86310970,cristy@lother.com,504-635-8518,levi.munis@gmail.com,,Lindsay,Kiel,,303-776-7548
86337370,nicolette_brossart@brossart.com,804-858-1011,sylvie@aol.com,,Christopher,Ostolaza,,757-682-7116
86341495,tracey@hotmail.com,215-846-9046,sharee_maile@aol.com,,Surendra,Borgman,,602-919-4211
86344698,virgina_tegarden@tegarden.com,952-906-4597,cordelia_storment@aol.com,,Katherine,Nayar,,305-968-9487
86344849,tfrankel@aol.com,305-573-1085,mollie_mcdoniel@yahoo.com,,William,Sengbusch,,602-896-2993
86353707,alaine_bergesen@cox.net,414-660-9766,brett.mccullan@mccullan.com,,Karen,Sarao,,386-526-7800
86419635,earleen_mai@cox.net,732-445-6940,teddy_pedrozo@aol.com,,Dolores,Mcrae,,415-331-9634
86440126,leonida@gobern.org,701-421-7080,tasia_andreason@yahoo.com,,Michelle,Lueckenbach,,858-793-9684
86488654,ressie.auffrey@yahoo.com,775-578-1214,hubert@walthall.org,,MARC,Husser,,201-991-8369
86495823,jmugnolo@yahoo.com,602-304-6433,arthur.farrow@yahoo.com,,Thomas,Onofrio,,909-430-7765
86498188,eladia@saulter.com,615-825-4297,vberlanga@berlanga.com,,Thomas,Jurney,,617-365-2134
86558017,chaya@malvin.com,410-951-2667,billye_miro@cox.net,,Hisham,Heimann,,760-291-5497
86559965,gwenn_suffield@suffield.org,212-745-6948,glenna_slayton@cox.net,,Andrew,Wenzinger,,310-510-9713
86609705,skarpel@cox.net,806-558-5848,mitzie_hudnall@yahoo.com,,Anna,Angalich,,717-528-8996
86698851,yoko@fishburne.com,323-842-8226,bernardine_rodefer@yahoo.com,,Lamar,Ohms,,480-293-2882
86704516,taryn.moyd@hotmail.com,619-666-4765,staci_schmaltz@aol.com,,Alexander,Leinenbach,,561-470-4574
86725361,katina_polidori@aol.com,770-531-2842,nichelle_meteer@meteer.com,,Deborah,Suell,,615-246-1824
86738265,rickie.plumer@aol.com,508-502-5634,jrhoden@yahoo.com,,Michael,Myricks,,859-717-7638
86776564,alex@loader.com,269-431-9464,ettie.hoopengardner@hotmail.com,,Alexandria,Swayze,,734-561-6170
86790574,lashon@aol.com,973-976-8627,eden_jayson@yahoo.com,,Lori,Castros,,936-751-7961
86841992,lburnard@burnard.com,337-751-2326,lynelle_auber@gmail.com,,PATRICIA,Greenbush,,973-482-2430
86919780,ceola.setter@setter.org,717-583-1497,merissa.tomblin@gmail.com,,Alexandra,Lapage,,201-693-3967
86962330,my@hotmail.com,314-231-3514,golda_kaniecki@yahoo.com,,Deborah,Claucherty,,305-988-4162
87008260,lorrine.worlds@worlds.com,817-947-9480,catarina_gleich@hotmail.com,,Gregory,Villanueva,,931-553-9774
87138403,peggie@cox.net,813-357-7296,vkiel@hotmail.com,,George,Perruzza,,714-771-3880
87141872,mraymo@yahoo.com,770-930-9967,jolene@yahoo.com,,Daniel,Wildfong,,847-633-3216
87202525,daron_dinos@cox.net,760-745-2649,keneth@yahoo.com,,Amy,Galam,,215-888-3304
87204081,an_fritz@hotmail.com,517-747-7664,rikki@nayar.com,,Jennifer,Lipkin,,973-654-1561
87208497,portia.stimmel@aol.com,602-330-6894,elke_sengbusch@yahoo.com,,Michelle,Rowling,,814-865-8113
87366516,rhea_aredondo@cox.net,207-748-3722,hoa@sarao.org,,Terrence,Weglarz,,801-293-9853
87451081,bsama@cox.net,301-392-6698,trinidad_mcrae@yahoo.com,,Katelyn,Diestel,,910-922-3672
87655330,alyce@arias.org,717-344-2804,mari_lueckenbach@yahoo.com,,JESSICA,Samara,,213-975-8026
87658810,heike@gmail.com,972-898-1033,selma.husser@cox.net,,Louis,Grenet,,517-499-2322
87659248,carey_dopico@dopico.org,406-374-7752,aonofrio@onofrio.com,,Jonathan,Mclaird,,315-818-2638
87683058,dottie@hellickson.org,973-563-9502,ljurney@hotmail.com,,Oisin,Jeanty,,574-656-2800
87684522,deandrea@yahoo.com,248-697-7722,clorinda.heimann@hotmail.com,,Gigi,Eanes,,407-312-1691
87686702,kimberlie_duenas@yahoo.com,216-270-9653,dick@yahoo.com,,Patrick,Mcnease,,973-751-9003
87688306,martina_staback@staback.com,325-667-7868,ahmed.angalich@angalich.com,,Kelly,Comnick,,609-200-8577
87716524,skye_fillingim@yahoo.com,817-819-7799,iluminada.ohms@yahoo.com,,ISMO,Colaizzo,,608-382-4541
87719660,jade.farrar@yahoo.com,718-732-9475,joanna_leinenbach@hotmail.com,,Nicole,Threets,,914-861-9748
87851289,charlene.hamilton@hotmail.com,401-885-7681,caprice@aol.com,,Alonzo,Koppinger,,336-370-5333
87951175,geoffrey@gmail.com,717-686-7564,stephane_myricks@cox.net,,ROBERT,Dewar,,410-473-1708
88059956,stevie.westerbeck@yahoo.com,401-552-9059,quentin_swayze@yahoo.com,,JOHN,Arceo,,732-730-2692
88074865,pamella@fortino.com,305-302-1135,annmarie_castros@gmail.com,,Korinne,Keener,,830-258-2769
88112665,hhaufler@hotmail.com,201-412-3040,shonda_greenbush@cox.net,,Jacqueline,Breland,,847-519-5906
88121744,jengelberg@engelberg.org,210-634-2447,clapage@lapage.com,,Lauren,Rentfro,,732-605-4781
88142338,buddy.cloney@yahoo.com,718-853-3740,jeanice.claucherty@yahoo.com,,Louay,Kardas,,402-896-5943
88154381,dalene.riden@aol.com,909-631-5703,josphine_villanueva@villanueva.com,,Amanda,Tromblay,,703-221-5602
88170623,jzurcher@zurcher.org,216-937-5320,dperruzza@perruzza.com,,Jayme,Harnos,,972-558-1665
88234413,hdenooyer@denooyer.org,212-225-9676,cassi.wildfong@aol.com,,Katie,Chaffins,,212-510-4633
88245802,joseph_cryer@cox.net,804-808-9574,britt@galam.org,,Kelsey,Bourbon,,516-816-1541
88307681,deonna_kippley@hotmail.com,706-616-5131,adell.lipkin@lipkin.com,,Thomas,Juvera,,352-598-8301
88323441,raymon.calvaresi@gmail.com,337-991-8070,jacqueline.rowling@yahoo.com,,Derrick,Nunlee,,317-542-6023
88335973,alecia@aol.com,973-986-4456,lonny_weglarz@gmail.com,,Lisa,Devreese,,816-557-9673
88348588,mlayous@hotmail.com,607-350-7690,lonna_diestel@gmail.com,,Ryan,Chavous,,601-234-9632
88356124,detra@aol.com,973-355-2120,cristal@cox.net,,Ravi,Schieler,,325-869-2649
88411686,terrilyn.rodeigues@cox.net,208-793-4108,kenneth.grenet@grenet.org,,Jose,Sayaphon,,408-805-4309
88412439,slacovara@gmail.com,415-284-2730,emclaird@mclaird.com,,Matthew,Palaia,,856-312-2629
88512743,garry_keetch@hotmail.com,508-618-7826,ajeanty@gmail.com,,Joseph,Jacobos,,510-974-8671
88532760,mneither@yahoo.com,248-811-5696,sharika.eanes@aol.com,,Daniel,Yori,,407-538-5106
88557351,theodora.restrepo@restrepo.com,920-355-1610,nu@gmail.com,,TRAVIS,Delasancha,,307-403-1488
88565457,noah.kalafatis@aol.com,410-773-3862,dcomnick@cox.net,,ARIEL,Liukko,,516-393-9967
88608732,csweigard@sweigard.com,719-547-9543,cecilia_colaizzo@colaizzo.com,,DANIEL,Gabisi,,608-967-7194
88638842,lavonda@cox.net,419-399-1744,leslie@cox.net,,Graeme,Paskin,,201-431-2989
88644839,junita@aol.com,301-257-4883,nan@koppinger.com,,Sara,Asar,,570-648-3035
88657700,herminia@nicolozakes.org,508-897-7916,,,Shawn,Chesterfield,,858-617-7834
88674483,casie.good@aol.com,703-892-2914,,,Loc,Similton,,760-616-5388
88702486,reena@hotmail.com,410-912-6032,,,Evelyn,Tillotson,,609-373-3332
88779785,mirta_mallett@gmail.com,512-742-1149,,,Mark,Lorens,,401-465-6432
88811393,cathrine.pontoriero@pontoriero.com,623-426-4907,,,Charles,Boulter,,785-347-1805
88826375,ftawil@hotmail.com,419-488-6648,,,PERSISTENCE,Ankeny,,916-920-3571
88885255,rupthegrove@yahoo.com,206-923-6042,,,Kahelelani,Oles,,386-248-4118
88892544,sarah.candlish@gmail.com,513-747-9603,,,Takashi,Hixenbaugh,,202-646-7516
88893051,lucy@cox.net,812-442-8544,,,Cynthia,Harabedian,,415-423-3294
89025624,jaquas@aquas.com,847-613-5866,,,Joshua,Gillaspie,,208-709-1235
89034563,yvonne.tjepkema@hotmail.com,718-394-4974,,,Angela,Kampa,,574-499-1454
89138296,kayleigh.lace@yahoo.com,407-808-3254,,,Matthew,Bookamer,,308-726-2182
89147087,felix_hirpara@cox.net,310-652-2379,,,Jeff,Biddy,,206-711-6498
89156552,tresa_sweely@hotmail.com,813-744-7100,,,Thomas,Butt,,407-413-4842
89213585,kristeen@gmail.com,915-300-6100,,,Erin,Darakjy,,
89227630,jregusters@regusters.com,619-935-6661,,,PATRICK,Venere,,
89250905,renea@hotmail.com,301-591-3034,,,Geoff,Paprocki,,
89430987,olive@aol.com,714-663-9740,,,Kazuki,Foller,,
89453287,lreiber@cox.net,314-697-3652,,,Kate,Morasca,,
89494507,christiane.eschberger@yahoo.com,512-942-3411,,,Garrett,Tollner,,
89510336,goldie.schirpke@yahoo.com,336-364-6037,,,KEVIN,Dilliard,,
89515060,loreta.timenez@hotmail.com,631-288-2866,,,Edgar,Wieser,,
89531849,fabiola.hauenstein@hauenstein.org,201-749-8866,,,Aubree,Marrier,,
89539518,amie.perigo@yahoo.com,901-573-9024,,,Stephen,Amigon,,
89555738,raina.brachle@brachle.org,404-607-8435,,,Keegan,Maclead,,
89558529,erinn.canlas@canlas.com,650-749-9879,,,Bradley,Caldarera,,
89566342,cherry@lietz.com,952-314-5871,,,Patrick,Ruta,,
89601440,kattie@vonasek.org,480-205-5121,,,Jessica,Albares,,
89601563,lilli@aol.com,718-613-9994,,,Cassandra,Poquette,,
89608638,whitley.tomasulo@aol.com,770-584-4119,,,Daniel,Garufi,,
89611209,badkin@hotmail.com,507-590-5237,,,Emily,Rim,,
89751061,hermila_thyberg@hotmail.com,203-938-2557,,,Kathleen,Whobrey,,
89751824,jesusita.flister@hotmail.com,260-382-4869,,,Diego,Flosi,,
89795335,caitlin.julia@julia.org,601-249-4511,,,Olivia,Nicka,,
89799766,roosevelt.hoffis@aol.com,586-247-1614,,,JUSTIN,Inouye,,
89807052,hhalter@yahoo.com,719-223-2074,,,Adam,Kolmetz,,
89845035,lorean.martabano@hotmail.com,212-422-5427,,,Thomas,Royster,,
89861287,france.buzick@yahoo.com,510-441-4055,,,Brian,Slusarski,,
89880714,jferrario@hotmail.com,773-359-6109,,,Jessica,Iturbide,,
89959194,adelina_nabours@gmail.com,570-868-8688,,,Catherine,Caudy,,
89990857,ddhamer@cox.net,530-399-3254,,,James,Chui,,
90024455,jerry.dallen@yahoo.com,845-694-7919,,,Jasmine,Kusko,,
90052213,leota.ragel@gmail.com,216-871-6876,,,Brittany,Figeroa,,
90193379,jamyot@hotmail.com,973-473-5108,,,Nicholas,Corrio,,
90203784,aja_gehrett@hotmail.com,907-770-3542,,,Samantha,Vocelka,,
90211128,kirk.herritt@aol.com,215-380-8820,,,Dwayne,Stenseth,,
90250065,leonora@yahoo.com,513-863-9471,,,Tom,Glick,,
90257952,winfred_brucato@hotmail.com,310-955-5788,,,Stephanie,Sergi,,
90314956,tarra.nachor@cox.net,515-372-1738,,,Jeremy,Shinko,,
90414517,corinne@loder.org,610-378-7332,,,Thomas,Stockham,,
90427656,dulce_labreche@yahoo.com,919-254-5987,,,COLLEEN,Ostrosky,,
90434892,kate_keneipp@yahoo.com,509-595-6485,,,JOSE,Gillian,,
90435363,kaitlyn.ogg@gmail.com,914-883-3061,,,Samantha,Rulapaugh,,
90464732,sherita.saras@cox.net,410-234-2267,,,Ryan,Schemmer,,
90496081,lstuer@cox.net,516-732-6649,,,Kelly,Oldroyd,,
90506544,ernest@cox.net,508-658-7802,,,Andrew,Campain,,
90510825,nobuko.halsey@yahoo.com,918-565-1706,,,WAYNE,Perin,,
90548106,lavonna.wolny@hotmail.com,231-265-6940,,,Jennifer,Ferencz,,
90551469,llizama@cox.net,337-255-3427,,,Jennifer,Saylors,,
90611249,mariann.bilden@aol.com,419-417-4674,,,Stephanie,Briddick,,
90613128,helene@aol.com,619-727-3892,,,Joseph,Waycott,,
90648146,roselle.estell@hotmail.com,203-918-3939,,,Douglas,Bowley,,
90665722,sheintzman@hotmail.com,201-969-7063,,,Audrey,Malet,,
90680720,margart_meisel@yahoo.com,330-566-8898,,,Christina,Bolognia,,
90715051,kristofer.bennick@yahoo.com,201-772-4377,,,Sharon,Nestle,,
90735554,wacuff@gmail.com,616-568-4113,,,Annette,Uyetake,,
90739065,shalon@cox.net,601-637-5479,,,Kerrin,Mastella,,
90760227,denise@patak.org,901-869-4314,,,MICHAEL,Klonowski,,
90772816,louvenia.beech@beech.com,303-997-7760,,,Jay,Wenner,,
90871804,audry.yaw@yaw.org,901-739-5892,,,Kurt,Monarrez,,
90900467,kristel.ehmann@aol.com,626-293-7678,,,Jack,Seewald,,
90917582,vzepp@gmail.com,773-857-2231,,,Clinton,Ahle,,
90971372,egwalthney@yahoo.com,718-728-5051,,,Andrea,Juhas,,
91018179,venita_maillard@gmail.com,509-847-3352,,,Arthur,Pugh,,
91019144,kasandra_semidey@semidey.com,410-429-4888,,,JAY,Vanausdal,,
91029725,xdiscipio@gmail.com,973-605-6492,,,T Carlis,Hollack,,
91086601,mlinahan@yahoo.com,562-719-7922,,,Anthony,Lindall,,
91098739,krauser@cox.net,732-617-5310,,,Zachary,Yglesias,,
91102534,pdubaldi@hotmail.com,973-491-8723,,,Cesar,Buvens,,
91106578,linn_paa@paa.com,303-845-5408,,,Zachary,Weight,,
91108195,paris@hotmail.com,757-940-1741,,,Philip,Morocco,,
91111773,wynell_dorshorst@dorshorst.org,602-442-3092,,,Terry,Eroman,,
91135236,qbirkner@aol.com,305-978-2069,,,JEFFREY,Mondella,,
91163691,regenia.kannady@cox.net,602-575-3457,,,Jaime,Blackwood,,
91164960,sheron@aol.com,386-599-7296,,,Julee,Abdallah,,
91168351,izetta.funnell@hotmail.com,415-419-1597,,,Robert,Rhym,,
91201228,rodolfo@hotmail.com,858-228-5683,,,Micah,Rhymes,,
91211889,zona@hotmail.com,201-772-7699,,,Dallas,Hoogland,,
91213686,szagen@aol.com,909-665-3223,,,Andrew Taylor,Parlato,,
91214153,paz_sahagun@cox.net,617-544-2541,,,Waylon,Reitler,,
91234797,markus@yahoo.com,760-261-4786,,,AUSTIN,Crupi,,
91244924,jaclyn@aol.com,310-936-2258,,,David,Toelkes,,
91296693,cyril_daufeldt@daufeldt.com,717-632-5831,,,DUSTIN,Lipke,,
91320832,gschnitzler@gmail.com,480-866-6544,,,Jose,Chickering,,
91377642,erick_nievas@aol.com,561-951-9734,,,Kaylee,Mulqueen,,
91378526,jennie@cox.net,615-726-4537,,,John,Honeywell,,
91433488,mscipione@scipione.com,859-308-4286,,,Jazmin,Dickerson,,
91439978,cventura@yahoo.com,734-851-8571,,,Evan,Isenhower,,
91441188,galen@yahoo.com,936-937-2334,jess.chaffins@chaffins.org,,Sarah,Munns,,
91452799,tfeichtner@yahoo.com,973-644-2974,sbourbon@yahoo.com,,Farideh,Barfield,,
91484586,gail@kitty.com,201-856-2720,nickolas_juvera@cox.net,,Brittany,Gato,,
91518337,dalene@schoeneck.org,305-306-7834,gary_nunlee@nunlee.org,,Reina,Emigh,,
91549851,gertude.witten@gmail.com,931-486-6946,diane@cox.net,,Beth,Shields,,
91643226,lizbeth@yahoo.com,714-531-1391,roslyn.chavous@chavous.org,,Alexandra,Wardrip,,
91649801,gberray@gmail.com,847-755-9041,glory@yahoo.com,,Luke,Gibes,,
91677286,lashandra@yahoo.com,215-351-8523,rasheeda@aol.com,,JOHN,Bruschke,,
91705171,lnewville@newville.com,973-662-8988,alpha@yahoo.com,,Glenda,Giguere,,
91715581,laurel@yahoo.com,814-481-1700,refugia.jacobos@jacobos.com,,Keith,Benimadho,,
91742889,mireya.frerking@hotmail.com,801-892-8781,shawnda.yori@yahoo.com,,John,Vanheusen,,
91745356,annelle@yahoo.com,910-200-7912,mdelasancha@hotmail.com,,Matthew,Hochard,,
91777938,dean_ketelsen@gmail.com,213-696-8004,gilma_liukko@gmail.com,,Erin,Fern,,
91798507,levi.munis@gmail.com,517-867-8077,jgabisi@hotmail.com,,Darryl,Centini,,
91807701,sylvie@aol.com,315-474-5570,lili.paskin@cox.net,,Sue,Klusman,,
91871237,sharee_maile@aol.com,574-405-1983,loren.asar@aol.com,,Matthew,Buemi,,
91874666,cordelia_storment@aol.com,407-472-1332,dorothy@cox.net,,Nikki,Cronauer,,
91901358,mollie_mcdoniel@yahoo.com,973-903-4175,gail_similton@similton.com,,Andrew,Cetta,,
91982261,brett.mccullan@mccullan.com,609-398-2805,catalina@hotmail.com,,Michael,Goldammer,,
92002681,teddy_pedrozo@aol.com,608-302-3387,lawrence.lorens@hotmail.com,,Christopher,Cork,,
92010713,tasia_andreason@yahoo.com,914-396-2615,carlee.boulter@hotmail.com,,Evgeny,Korando,,
92039438,hubert@walthall.org,336-564-1492,tankeny@ankeny.org,,Danielle,Felger,,
92069489,arthur.farrow@yahoo.com,410-522-7621,joles@gmail.com,,ERIC,Samu,,
92086110,vberlanga@berlanga.com,732-705-6719,alesia_hixenbaugh@hixenbaugh.org,,Hannah,Kines,,
92087024,billye_miro@cox.net,830-919-5991,lai@gmail.com,,Tomas,Steffensmeier,,
92152980,glenna_slayton@cox.net,847-740-5304,bgillaspie@gillaspie.com,,Kelly,Miceli,,
92159732,mitzie_hudnall@yahoo.com,732-724-7251,,,Helen,Kownacki,,
92177342,bernardine_rodefer@yahoo.com,402-707-1602,,,John,Shin,,
92185086,staci_schmaltz@aol.com,703-874-4248,,,Jackson,Francescon,,
92256337,nichelle_meteer@meteer.com,972-961-4968,,,Andrew,Schmierer,,
92256449,jrhoden@yahoo.com,212-428-9538,,,Stefan,Kulzer,,
92283962,ettie.hoopengardner@hotmail.com,516-749-3188,,,Rose,Palaspas,,
92361213,eden_jayson@yahoo.com,352-947-6152,,,Charles,Callaro,,
92378457,lynelle_auber@gmail.com,317-887-8486,,,Lazarus,Cartan,,
92415473,merissa.tomblin@gmail.com,816-329-5565,,,Glenn,Menter,,
92438278,golda_kaniecki@yahoo.com,601-973-5754,,,Joshua,Smith,,
92441007,catarina_gleich@hotmail.com,325-740-3778,,,Judith,Rochin,,
92500533,vkiel@hotmail.com,408-997-7490,,,Erika,Dilello,,
92501307,jolene@yahoo.com,856-513-7024,,,SAMUEL,Perez,,
92579207,keneth@yahoo.com,510-509-3496,,,Jeffrey,Demesa,,
92631619,rikki@nayar.com,407-564-8113,,,RYAN,Papasergi,,
92647991,elke_sengbusch@yahoo.com,307-816-7115,,,Brian,Riopelle,,
92727099,hoa@sarao.org,516-407-9573,,,Jonna,Shire,,
92748696,trinidad_mcrae@yahoo.com,608-586-6912,,,Tahzjuan,Lary,,
92792344,mari_lueckenbach@yahoo.com,201-478-8540,,,Douglas,Isaacs,,
92885102,selma.husser@cox.net,570-569-2356,,,Cole,Spickerman,,
92893060,aonofrio@onofrio.com,858-732-1884,,,Craig,Paulas,,
92904919,ljurney@hotmail.com,760-493-9208,,,Erik,Madarang,,
92941080,clorinda.heimann@hotmail.com,609-826-4990,,,Jennifer,Manno,,
93009889,dick@yahoo.com,401-893-1820,,,Melissa,Mirafuentes,,
93017493,ahmed.angalich@angalich.com,785-253-7049,,,Hope,Corrington,,
93019995,iluminada.ohms@yahoo.com,916-459-2433,,,Matthew,Maybury,,
93020417,joanna_leinenbach@hotmail.com,386-208-6976,,,KEVIN,Gotter,,
93029308,caprice@aol.com,202-276-6826,,,Tyler,Hagele,,
93037098,stephane_myricks@cox.net,415-926-6089,,,AARON,Klimek,,
93091676,quentin_swayze@yahoo.com,208-206-9848,,,Earl,Wiklund,,
93095274,annmarie_castros@gmail.com,574-330-1884,,,Jeremi,Zane,,
93098916,shonda_greenbush@cox.net,308-250-6987,,,Angelica,Padilla,,
93218570,clapage@lapage.com,206-395-6284,,,Crystal,Kohnert,,
93270763,jeanice.claucherty@yahoo.com,407-557-8857,,,David,Smith,,
93490731,josphine_villanueva@villanueva.com,,,,Gregory,Anderson,,
93593232,dperruzza@perruzza.com,,,,Connie,Jones,,
93772166,gollygoose@comnet.net,,,,Kursten,Jacobs,,
93916819,hicuppmcgee@avengcom.net,,,,Kim,Stark,,